Club,Value
SL Benfica,1.5
Roma,1.576923076923077
Chelsea,1.6106060606060606
Milan,1.6666666666666667
Juventus,1.72
Atlético Madrid,1.7303030303030302
Napoli,1.76
Tottenham Hotspur,2.065151515151515
Liverpool,2.2175757575757578
FC Bayern München,2.312413793103448
